lambda,mu,avg_waiting_time,avg_response_time,utilization,std_waiting_time,std_response_time
0.1,1.0,0.005,1.005,0.10,0.00019427429553816133,0.0008472867559886164
0.2,1.0,0.020,1.020,0.20,0.0005748772787350282,0.0014543465517808359
0.3,1.0,0.050,1.050,0.30,0.0008417784390636558,0.0015910891571886009
0.4000000000000002,1.0,0.120,1.120,0.40,0.0020931768192393803,0.0027409681842511563
0.5,1.0,0.220,1.220,0.50,0.0027569011664632173,0.00303948021000929
0.6,1.0,0.420,1.400,0.60,0.004409023186777972,0.004425294769759476
0.7,1.0,0.750,1.700,0.70,0.009250316203486774,0.00896184425184948
0.8000000000000003,1.0,1.200,2.350,0.80,0.02708265965108664,0.027989454735662143
0.9,1.0,3.500,4.400,0.90,0.08713060503215078,0.08811922029508758
