lambda,mu,avg_waiting_time,avg_response_time,utilization,std_waiting_time,std_response_time
0.1,1.0,0.00067278710793952,1.0006273611906362,0.09999031644398546,3.7400114537357125e-05,0.0010157199663048577
0.2,1.0,0.017597179607592286,1.0175822250350195,0.1999880728110018,0.00023929711714163824,0.0011016575100951979
0.30000000000000004,1.0,0.0687931378522371,1.068757035419405,0.29997242202565844,0.0005619180733271176,0.0013935769981416786
0.4,1.0,0.16317195987218855,1.163232474676821,0.4000036988367004,0.0011339656585658048,0.0019394281721809175
0.5,1.0,0.31703555467869654,1.3171355429564522,0.5000333983503384,0.002192662532831179,0.0029771031899626823
0.6,1.0,0.5668559439837988,1.566958865413625,0.6000564982700209,0.003603554720118685,0.00434985963922426
0.7000000000000001,1.0,1.0003412129960363,2.0004079167089284,0.7000268483740194,0.0071656656951537,0.00783111509734646
0.8,1.0,1.8916339900942631,2.8917500132892497,0.8000714256029697,0.018006691042792317,0.018827384943530378
0.9,1.0,4.582226469961572,5.582295681271582,0.9000396387872632,0.07808257020512271,0.07880026186930318
