lambda,mu,avg_waiting_time,avg_response_time,utilization,std_waiting_time,std_response_time
0.1,1.0,0.0006723516924277756,1.0006134862728928,0.09997704311191331,3.566569606949918e-05,0.0005524383797406776
0.2,1.0,0.01752086587333495,1.017381843208668,0.19992762859299817,0.00013817214576888773,0.0005211507290534335
0.30000000000000004,1.0,0.0685345635313929,1.0680361512242056,0.29979061318241423,0.00016918501219936356,0.0005224238324782987
0.4,1.0,0.16300126006316348,1.1628082475706703,0.39986665932721766,0.0005725469588001822,0.0009578227941505376
0.5,1.0,0.31623734692760375,1.3160554315049848,0.49985910522087196,0.0009030387158574595,0.001300473528836483
0.6,1.0,0.5665339591066696,1.5661625862942439,0.5996450838281662,0.0017753726141385867,0.00246111298559197
0.7000000000000001,1.0,1.0003893073432202,2.0007613347975304,0.7002083350868687,0.00571629534540369,0.0063552207127841225
0.8,1.0,1.8996476115542076,2.8997870770666068,0.8000575897022595,0.012797011690987122,0.012997414296755196
0.9,1.0,4.601839877711896,5.6019045448671205,0.8999668005793721,0.09825045822428176,0.09918460231255849
