lambda,mu,avg_waiting_time,avg_response_time,utilization,std_waiting_time,std_response_time
0.1,1.0,0.0811026754321969,1.0811134007486072,0.09998641256799244,0.00037354571951625216,0.0009038118762354171
0.2,1.0,0.18252273035521724,1.1825855072875664,0.1999970117161627,0.0007669686597756869,0.001219944810400481
0.30000000000000004,1.0,0.3131272005778778,1.3132637612453053,0.30005454969605533,0.001223884921577338,0.001641453263741973
0.4,1.0,0.487064799080984,1.4871606319639583,0.40003114345732427,0.001990245087227361,0.0024895450535908303
0.5,1.0,0.7303735510948308,1.7304640893431091,0.5000355487401265,0.0032218739284718963,0.0036645781940536767
0.6,1.0,1.095375919764729,2.0954757908316726,0.6000556186163742,0.005174554911241373,0.005378905988755989
0.7000000000000001,1.0,1.7036847305174567,2.7038039358955523,0.7000971699305599,0.0111509695984199,0.011442850790164763
0.8,1.0,2.9170734296878096,3.917080468172536,0.7998785083544608,0.024561375878300564,0.024830059151334075
0.9,1.0,6.562618206284963,7.562613639448075,0.8998298509185697,0.11497703080653889,0.11526439974161096
