lambda,mu,avg_waiting_time,avg_response_time,utilization,std_waiting_time,std_response_time
0.1,1.0,0.08092334415326337,1.0812423595477414,0.1000446947886691,0.00019427429553816133,0.0008472867559886164
0.2,1.0,0.1825777053106373,1.1829391468888946,0.20011119238695024,0.0005748772787350282,0.0014543465517808359
0.30000000000000004,1.0,0.31254784260451923,1.3127903294543812,0.3000759174349984,0.0008417784390636558,0.0015910891571886009
0.4,1.0,0.48687775325115296,1.487338906997841,0.40033659790303366,0.0020931768192393803,0.0027409681842511563
0.5,1.0,0.7294742166139938,1.7296898004532015,0.5001263746754782,0.0027569011664632173,0.00303948021000929
0.6,1.0,1.0952118242172435,2.095375579731169,0.6000592131471875,0.004409023186777972,0.004425294769759476
0.7000000000000001,1.0,1.706044638852608,2.706270673790045,0.7001328554779638,0.009250316203486774,0.00896184425184948
0.8,1.0,2.9164392901506826,3.9162132955379754,0.7992933127381702,0.02708265965108664,0.027989454735662143
0.9,1.0,6.602432406280523,7.602561124666996,0.8999092676940297,0.08713060503215078,0.08811922029508758
