lambda,mu,avg_waiting_time,avg_response_time,utilization,std_waiting_time,std_response_time
0.1,1.0,0.11103501066344741,1.1110641949851066,0.099990773379647,0.0005989710494744293,0.0014197386670686837
0.2,1.0,0.24988725641000475,1.2499893796573949,0.20001068583215154,0.001195098555094429,0.0018684001385753514
0.30000000000000004,1.0,0.4287131124412692,1.4288659616182429,0.3000462670019479,0.002009482646601609,0.0027016253343154443
0.4,1.0,0.6665632011388624,1.6667305283166463,0.4000731568073627,0.003249370268030327,0.003994642727244711
0.5,1.0,0.9995821001730408,1.99967269021661,0.500014476319533,0.0055211024839006365,0.0061425634934817565
0.6,1.0,1.5013110065578592,2.5015447558617465,0.6001885793709753,0.010522702233159736,0.01128351413338924
0.7000000000000001,1.0,2.332596551401781,3.3327761980173976,0.7001430849614079,0.019844157637119903,0.02035442448039379
0.8,1.0,4.001157323915948,5.0013060562585006,0.8001127265243773,0.04894697421428292,0.04958356413763317
0.9,1.0,9.01716312286486,10.017325767019443,0.900148372468856,0.18563952359904026,0.18607188635643537
