lambda,mu,avg_waiting_time_sim,avg_response_time_sim,utilization_sim,std_waiting_time,std_response_time,utilization_theory,avg_waiting_time_theory,avg_response_time_theory,error_response_time,error_waiting_time
0.1,1.0,0.1110350106634474,1.1110641949851066,0.099990773379647,0.0005989710494744,0.0014197386670686,0.1,0.11111111111111112,1.1111111111111112,4.69161260046036e-05,7.610044766372115e-05
